x999,50.57
50.57,50.57
50.56,50.56
50.56,50.56
50.56,50.56
50.56,50.56
50.56,50.56
50.57,50.57
50.57,50.57
50.56,50.56
50.56,50.56
50.56,50.56
50.55,50.55
50.55,50.55
50.55,50.55
50.56,50.56
50.56,50.56
50.56,50.56
50.56,50.56
50.56,50.56
50.56,50.56
50.56,50.56
50.56,50.56
50.56,50.56
50.56,50.56
50.55,50.55
50.55,50.55
50.55,50.55
50.55,50.55
50.55,50.55
50.55,50.55
50.55,50.55
50.55,50.55
50.55,50.55
50.55,50.55
50.54,50.54
50.54,50.54
50.58,50.58
50.52,50.52
50.52,50.52
50.52,50.52
50.51,50.51
50.51,50.51
50.51,50.51
50.51,50.51
50.51,50.51
50.51,50.51
50.51,50.51
50.51,50.51
50.51,50.51
50.51,50.51
50.51,50.51
50.51,50.51
50.51,50.51
50.50,50.5
50.50,50.5
50.50,50.5
50.49,50.49
50.49,50.49
50.49,50.49
50.49,50.49
50.49,50.49
50.49,50.49
50.99,50.99
50.50,50.5
50.50,50.5
50.50,50.5
50.49,50.49
50.49,50.49
50.49,50.49
50.51,50.51
50.51,50.51
50.51,50.51
50.50,50.5
50.50,50.5
50.50,50.5
50.50,50.5
50.51,50.51
50.51,50.51
50.51,50.51
50.50,50.5
50.50,50.5
50.50,50.5
50.49,50.49
50.49,50.49
50.49,50.49
50.49,50.49
50.40,50.4
50.40,50.4
50.40,50.4
50.47,50.47
50.47,50.47
50.47,50.47
50.43,50.43
50.43,50.43
50.43,50.43
50.39,50.39
50.39,50.39
50.39,50.39
50.39,50.39
50.39,50.39
50.39,50.39
50.39,50.39
50.34,50.34
50.34,50.34
50.34,50.34
50.33,50.33
50.33,50.33
50.33,50.33
50.33,50.33
50.33,50.33
50.33,50.33
50.33,50.33
50.37,50.37
50.37,50.37
50.37,50.37
50.40,50.4
50.40,50.4
50.40,50.4
50.47,50.47
50.47,50.47
50.47,50.47
50.47,50.47
50.52,50.52
50.52,50.52
50.5x,50.52
50.55,50.55
50.55,50.55
50.55,50.55
50.57,50.57
50.57,50.57
50.57,50.57
50.56,50.56
50.56,50.56
50.56,50.56
50.55,50.55
50.55,50.55
50.55,50.55
50.55,50.55
50.56,50.56
50.56,50.56
50.56,50.56
50.55,50.55
50.55,50.55
50.55,50.55
50.55,50.55
50.55,50.55
50.55,50.55
50.55,50.55
50.55,50.55
50.55,50.55
50.55,50.55
50.54,50.54
50.54,50.54
50.54,50.54
50.53,50.53
50.53,50.53
50.53,50.53
50.53,50.53
50.53,50.53
50.53,50.53
50.53,50.53
50.53,50.53
50.53,50.53
50.59,50.59
50.54,50.54
50.54,50.54
50.54,50.54
50.55,50.55
50.55,50.55
50.55,50.55
50.54,50.54
50.54,50.54
50.54,50.54
50.54,50.54
50.54,50.54
50.54,50.54
50.54,50.54
50.54,50.54
50.54,50.54
50.59,50.59
50.53,50.53
50.53,50.53
50.53,50.53
50.53,50.53
50.53,50.53
50.53,50.53
50.54,50.54
50.54,50.54
50.54,50.54
50.54,50.54
50.54,50.54
50.54,50.54
50.54,50.54
50.54,50.54
50.54,50.54
50.54,50.54
50.55,50.55
50.55,50.55
50.55,50.55
50.55,50.55
50.55,50.55
50.55,50.55
50.55,50.55
50.55,50.55
50.55,50.55
50.55,50.55
50.55,50.55
50.55,50.55
50.55,50.55
50.55,50.55
50.55,50.55
50.55,50.55
50.55,50.55
50.55,50.55
50.55,50.55
50.59,50.59
50.53,50.53
50.53,50.53
50.59,50.59
50.54,50.54
50.54,50.54
50.59,50.59
50.55,50.55
50.55,50.55
50.55,50.55
50.54,50.54
50.54,50.54
50.54,50.54
50.54,50.54
50.54,50.54
50.54,50.54
50.54,50.54
50.54,50.54
50.54,50.54
50.59,50.59
50.53,50.53
50.53,50.53
50.53,50.53
50.53,50.53
50.53,50.53
50.53,50.53
50.53,50.53
50.53,50.53
50.53,50.53
50.53,50.53
50.53,50.53
50.53,50.53
50.59,50.59
50.54,50.54
50.54,50.54
50.54,50.54
50.54,50.54
50.54,50.54
50.54,50.54
50.54,50.54
50.54,50.54
50.54,50.54
50.54,50.54
50.54,50.54
50.54,50.54
50.59,50.59
50.53,50.53
50.53,50.53
50.53,50.53
50.53,50.53
50.53,50.53
50.53,50.53
50.52,50.52
50.52,50.52
50.52,50.52
50.53,50.53
50.53,50.53
50.53,50.53
50.52,50.52
50.52,50.52
50.52,50.52
50.52,50.52
50.52,50.52
50.52,50.52
50.52,50.52
50.52,50.52
50.52,50.52
50.52,50.52
50.52,50.52
50.52,50.52
50.52,50.52
50.53,50.53
50.53,50.53
50.53,50.53
50.53,50.53
50.53,50.53
50.53,50.53
50.53,50.53
50.53,50.53
50.53,50.53
50.53,50.53
50.59,50.59
50.54,50.54
50.54,50.54
50.59,50.59
50.55,50.55
50.55,50.55
50.55,50.55
50.55,50.55
50.55,50.55
50.55,50.55
50.55,50.55
50.55,50.55
50.55,50.55
50.59,50.59
50.54,50.54
50.54,50.54
50.54,50.54
50.54,50.54
50.54,50.54
50.54,50.54
50.54,50.54
50.54,50.54
50.54,50.54
50.53,50.53
50.53,50.53
50.53,50.53
50.53,50.53
50.53,50.53
50.53,50.53
50.59,50.59
50.54,50.54
50.54,50.54
50.54,50.54
50.53,50.53
50.53,50.53
50.53,50.53
50.53,50.53
50.53,50.53
50.53,50.53
50.53,50.53
50.53,50.53
50.53,50.53
50.59,50.59
50.54,50.54
50.54,50.54
50.54,50.54
50.53,50.53
50.53,50.53
50.53,50.53
50.54,50.54
50.54,50.54
50.54,50.54
50.59,50.59
50.53,50.53
50.53,50.53
50.59,50.59
50.54,50.54
50.54,50.54
50.54,50.54
50.54,50.54
50.54,50.54
50.54,50.54
50.54,50.54
50.54,50.54
50.54,50.54
50.54,50.54
50.54,50.54
50.54,50.54
50.54,50.54
50.54,50.54
50.54,50.54
50.54,50.54
50.55,50.55
50.55,50.55
50.55,50.55
50.59,50.59
50.53,50.53
50.53,50.53
50.53,50.53
50.53,50.53
50.53,50.53
50.59,50.59
50.54,50.54
50.54,50.54
50.54,50.54
50.54,50.54
50.54,50.54
50.54,50.54
50.54,50.54
50.54,50.54
50.54,50.54
50.54,50.54
50.54,50.54
50.54,50.54
50.54,50.54
50.54,50.54
50.54,50.54
50.54,50.54
50.54,50.54
50.54,50.54
50.54,50.54
50.59,50.59
50.53,50.53
50.53,50.53
50.59,50.59
50.54,50.54
50.54,50.54
50.54,50.54
50.54,50.54
50.54,50.54
50.54,50.54
50.53,50.53
50.53,50.53
50.53,50.53
50.53,50.53
50.53,50.53
50.53,50.53
50.53,50.53
50.53,50.53
50.53,50.53
50.53,50.53
50.52,50.52
50.52,50.52
50.52,50.52
50.53,50.53
50.53,50.53
50.53,50.53
50.53,50.53
50.53,50.53
50.53,50.53
50.53,50.53
50.53,50.53
50.53,50.53
50.59,50.59
50.54,50.54
50.54,50.54
50.54,50.54
50.54,50.54
50.54,50.54
50.54,50.54
50.54,50.54
50.54,50.54
50.54,50.54
50.54,50.54
50.54,50.54
50.54,50.54
50.59,50.59
50.53,50.53
50.53,50.53
50.53,50.53
50.54,50.54
50.54,50.54
50.54,50.54
50.54,50.54
50.54,50.54
50.54,50.54
50.59,50.59
50.53,50.53
50.53,50.53
50.54,50.54
50.54,50.54
50.54,50.54
50.54,50.54
50.54,50.54
50.54,50.54
50.54,50.54
50.53,50.53
50.53,50.53
50.53,50.53
50.53,50.53
50.53,50.53
50.53,50.53
50.53,50.53
50.53,50.53
50.53,50.53
50.53,50.53
50.53,50.53
50.53,50.53
50.53,50.53
50.53,50.53
50.53,50.53
50.53,50.53
50.53,50.53
50.52,50.52
50.52,50.52
50.52,50.52
50.50,50.5
50.50,50.5
50.50,50.5
50.09,50.09
50.09,50.09
50.09,50.09
49.61,49.61
49.61,49.61
49.61,49.61
49.89,49.89
49.19,49.19
49.19,49.19
49.19,49.19
49.00,49.0
49.00,49.0
49.0x,49.0
49.10,49.1
49.10,49.1
49.10,49.1
49.20,49.2
49.20,49.2
49.20,49.2
49.62,49.62
49.62,49.62
49.62,49.62
49.62,49.62
49.92,49.92
49.92,49.92
49.92,49.92
49.01,49.01
49.81,49.81
49.81,49.81
49.x7,49.81
49.57,49.57
49.57,49.57
49.55,49.55
49.55,49.55
49.55,49.55
49.55,49.55
49.45,49.45
49.45,49.45
49.45,49.45
49.32,49.32
49.32,49.32
49.32,49.32
49.33,49.33
49.31,49.31
49.31,49.31
49.31,49.31
49.31,49.31
49.31,49.31
49.31,49.31
49.31,49.31
49.31,49.31
49.31,49.31
49.40,49.4
49.40,49.4
49.40,49.4
49.54,49.54
49.54,49.54
49.54,49.54
49.67,49.67
49.67,49.67
49.67,49.67
49.87,49.87
49.81,49.81
49.81,49.81
49.95,49.95
49.95,49.95
49.95,49.95
49.95,49.95
50.04,50.04
50.04,50.04
50.04,50.04
50.12,50.12
50.12,50.12
50.12,50.12
50.27,50.27
50.21,50.21
50.21,50.21
50.29,50.29
50.29,50.29
50.29,50.29
50.29,50.29
50.30,50.3
50.30,50.3
50.30,50.3
50.43,50.43
50.43,50.43
50.43,50.43
50.49,50.49
50.45,50.45
50.45,50.45
50.47,50.47
50.47,50.47
50.47,50.47
50.47,50.47
50.40,50.4
50.40,50.4
50.48,50.48
50.50,50.5
50.50,50.5
50.50,50.5
50.5x,50.5
50.52,50.52
50.52,50.52
50.51,50.51
50.51,50.51
50.51,50.51
50.51,50.51
50.51,50.51
50.51,50.51
50.51,50.51
50.52,50.52
50.52,50.52
50.52,50.52
50.52,50.52
50.52,50.52
50.52,50.52
50.52,50.52
50.52,50.52
50.52,50.52
50.52,50.52
50.52,50.52
50.52,50.52
50.52,50.52
50.52,50.52
50.52,50.52
50.52,50.52
50.52,50.52
50.52,50.52
50.52,50.52
50.52,50.52
50.52,50.52
50.52,50.52
50.52,50.52
50.52,50.52
50.52,50.52
50.52,50.52
50.52,50.52
50.52,50.52
50.52,50.52
50.52,50.52
50.52,50.52
50.52,50.52
50.53,50.53
50.53,50.53
50.53,50.53
50.53,50.53
50.52,50.52
50.52,50.52
50.52,50.52
50.53,50.53
50.53,50.53
50.53,50.53
50.53,50.53
50.53,50.53
50.53,50.53
50.53,50.53
50.53,50.53
50.53,50.53
50.53,50.53
50.52,50.52
50.52,50.52
50.52,50.52
50.52,50.52
50.52,50.52
50.52,50.52
50.52,50.52
50.52,50.52
50.52,50.52
50.52,50.52
50.52,50.52
50.52,50.52
50.52,50.52
50.52,50.52
50.52,50.52
50.52,50.52
50.52,50.52
50.52,50.52
50.52,50.52
50.52,50.52
50.52,50.52
50.52,50.52
50.52,50.52
50.52,50.52
50.52,50.52
50.52,50.52
50.52,50.52
50.52,50.52
50.52,50.52
50.52,50.52
50.52,50.52
50.52,50.52
50.53,50.53
50.53,50.53
50.53,50.53
50.53,50.53
50.53,50.53
50.53,50.53
50.53,50.53
50.53,50.53
50.53,50.53
50.53,50.53
50.52,50.52
50.52,50.52
50.52,50.52
50.53,50.53
50.53,50.53
50.53,50.53
50.53,50.53
50.53,50.53
50.53,50.53
50.52,50.52
50.52,50.52
50.52,50.52
50.52,50.52
50.51,50.51
50.51,50.51
50.51,50.51
50.53,50.53
50.53,50.53
50.53,50.53
50.52,50.52
50.52,50.52
50.52,50.52
50.53,50.53
50.53,50.53
50.53,50.53
50.53,50.53
50.53,50.53
50.53,50.53
50.53,50.53
50.54,50.54
50.54,50.54
50.54,50.54
50.53,50.53
50.53,50.53
50.53,50.53
50.53,50.53
50.53,50.53
50.53,50.53
50.53,50.53
50.53,50.53
50.53,50.53
50.53,50.53
50.52,50.52
50.52,50.52
50.52,50.52
50.52,50.52
50.52,50.52
50.52,50.52
50.52,50.52
50.52,50.52
50.52,50.52
50.52,50.52
50.52,50.52
50.52,50.52
50.52,50.52
50.51,50.51
50.51,50.51
50.51,50.51
50.51,50.51
50.51,50.51
50.51,50.51
50.52,50.52
50.52,50.52
50.52,50.52
50.52,50.52
50.52,50.52
50.52,50.52
50.52,50.52
50.52,50.52
50.52,50.52
50.52,50.52
50.52,50.52
50.52,50.52
50.52,50.52
50.52,50.52
50.52,50.52
50.52,50.52
50.52,50.52
50.52,50.52
50.52,50.52
50.52,50.52
50.52,50.52
50.52,50.52
50.52,50.52
50.51,50.51
50.51,50.51
50.51,50.51
50.52,50.52
50.52,50.52
50.52,50.52
50.52,50.52
50.52,50.52
50.52,50.52
50.52,50.52
50.51,50.51
50.51,50.51
50.51,50.51
50.52,50.52
50.52,50.52
50.52,50.52
50.52,50.52
50.52,50.52
50.52,50.52
50.52,50.52
50.52,50.52
50.52,50.52
50.52,50.52
50.52,50.52
50.52,50.52
50.52,50.52
50.51,50.51
50.51,50.51
50.51,50.51
50.51,50.51
50.51,50.51
50.51,50.51
50.52,50.52
50.52,50.52
50.52,50.52
50.52,50.52
50.51,50.51
50.51,50.51
50.51,50.51
50.53,50.53
50.53,50.53
50.53,50.53
50.52,50.52
50.52,50.52
50.52,50.52
50.52,50.52
50.52,50.52
50.52,50.52
50.52,50.52
50.51,50.51
50.51,50.51
50.51,50.51
50.52,50.52
50.52,50.52
50.52,50.52
50.51,50.51
50.51,50.51
50.51,50.51
50.52,50.52
50.52,50.52
50.52,50.52
50.52,50.52
50.52,50.52
50.52,50.52
50.52,50.52
50.53,50.53
50.53,50.53
50.53,50.53
50.52,50.52
50.52,50.52
50.52,50.52
50.52,50.52
50.52,50.52
50.52,50.52
50.52,50.52
50.51,50.51
50.51,50.51
50.51,50.51
50.51,50.51
50.51,50.51
50.51,50.51
50.51,50.51
50.51,50.51
50.51,50.51
50.51,50.51
50.51,50.51
50.51,50.51
50.51,50.51
50.51,50.51
50.51,50.51
50.51,50.51
50.51,50.51
50.51,50.51
50.51,50.51
50.51,50.51
50.51,50.51
50.51,50.51
50.50,50.5
50.50,50.5
50.50,50.5
50.50,50.5
50.53,50.53
50.53,50.53
50.53,50.53
50.50,50.5
50.50,50.5
50.5x,50.5
50.66,50.66
50.66,50.66
50.66,50.66
50.71,50.71
50.71,50.71
50.71,50.71
50.71,50.71
50.76,50.76
50.76,50.76
50.76,50.76
50.75,50.75
50.75,50.75
50.75,50.75
50.77,50.77
50.77,50.77
50.77,50.77
50.69,50.69
50.69,50.69
50.69,50.69
50.69,50.69
50.66,50.66
50.69,50.69
