555,55.5
13.97,13.97
13.97,13.97
13.97,13.97
13.97,13.97
14.14,14.14
14.14,14.14
14.14,14.14
14.30,14.3
14.3x,14.3
14.3x,14.3
18.30,18.3
1627,16.27
1627,16.27
1627,16.27
1634,16.34
1634,16.34
1639,163.9
1635,163.5
1635,16.35
1635,16.35
1639,16.39
1611,16.11
1611,16.11
18.89,18.89
13.69,13.69
13.69,13.69
13.6x,13.69
13.62,13.62
13.62,13.62
13.62,13.62
13.57,13.57
13.57,13.57
13.57,13.57
13.50,13.5
13.50,13.5
13.50,13.5
13.90,13.9
13.37,13.37
13.37,13.37
13.37,13.37
13.37,13.37
13.37,13.37
13.37,13.37
13.40,13.4
13.40,13.4
13.40,13.4
13.90,13.9
13.55,13.55
13.55,13.55
13.8x,13.55
13.82,13.82
13.82,13.82
19.8x,13.82
1525,15.25
1525,15.25
1525,15.25
1525,15.25
1525,152.5
1525,152.5
1530,153.0
1532,153.2
1532,153.2
153x,153.2
1536,153.6
1536,153.6
1536,153.6
1523,152.3
1523,152.3
1523,152.3
1522,152.2
1522,152.2
1522,152.2
1523,152.3
1523,152.3
1523,152.3
153x,152.3
1516,151.6
1516,151.6
1516,151.6
1527,152.7
1527,152.7
1527,152.7
1580,158.0
1540,154.0
1540,154.0
1530,153.0
1530,153.0
1530,153.0
153x,153.0
1535,153.5
1535,153.5
1535,153.5
1539,153.9
1539,153.9
1539,153.9
1530,153.0
1530,153.0
1530,153.0
1534,153.4
1534,153.4
1534,153.4
1534,153.4
1543,154.3
1543,154.3
1550,155.0
1550,155.0
1550,155.0
1550,155.0
15x0,155.0
1549,154.9
1549,154.9
1543,154.3
1543,154.3
1543,154.3
1543,154.3
1531,153.1
1531,153.1
1531,153.1
1520,152.0
1520,15.2
1520,15.2
1500,15.0
1500,15.0
1500,15.0
14.99,14.99
14.99,14.99
14.99,14.99
14.99,14.99
1502,15.02
1502,15.02
1502,15.02
1513,15.13
1513,15.13
1513,151.3
1522,152.2
1522,152.2
1522,152.2
1522,152.2
1529,152.9
1529,152.9
152x,152.9
1530,153.0
1530,153.0
1538,153.8
1530,153.0
1530,153.0
1530,153.0
1536,153.6
1536,153.6
1536,153.6
153x,153.6
1522,152.2
1522,152.2
1520,152.0
1520,152.0
1520,152.0
1520,152.0
1514,151.4
1514,15.14
1514,15.14
1507,15.07
1507,15.07
1507,15.07
19.09,19.09
14.99,14.99
14.99,14.99
14.9x,14.99
14.96,14.96
14.96,14.96
14.xx,14.96
14.83,14.83
14.83,14.83
14.83,14.83
14.74,14.74
14.74,14.74
14.74,14.74
14.09,14.09
14.65,14.65
14.65,14.65
14.60,14.6
14.60,14.6
14.60,14.6
14.60,14.6
14.69,14.69
14.69,14.69
14.69,14.69
14.80,14.8
14.80,14.8
14.80,14.8
14.00,14.0
14.70,14.7
14.70,14.7
14.90,14.9
14.90,14.9
14.90,14.9
14.90,14.9
14.96,14.96
14.96,14.96
14.96,14.96
14.97,14.97
14.97,14.97
14.97,14.97
19.07,19.07
1501,15.01
1501,15.01
1501,15.01
1521,15.21
1521,15.21
1521,152.1
1520,152.0
152x,152.0
1520,152.0
1542,154.2
1542,154.2
1542,154.2
1543,154.3
1547,154.7
1547,154.7
1547,154.7
1547,154.7
1547,154.7
1547,154.7
1540,154.0
1540,154.0
1540,154.0
1534,153.4
1534,153.4
1534,153.4
1534,153.4
1511,151.1
1511,151.1
1510,151.0
1510,151.0
1510,151.0
150x,151.0
1506,150.6
1506,150.6
1506,150.6
1500,150.0
1500,150.0
1500,150.0
150x,150.0
1506,150.6
1506,150.6
150x,150.6
1519,151.9
1519,151.9
1519,151.9
1517,151.7
1517,15.17
1517,15.17
1515,15.15
1515,15.15
1515,15.15
19.89,19.89
13.63,13.63
13.63,13.63
13.63,13.63
13.61,13.61
13.61,13.61
13.61,13.61
13.70,13.7
13.70,13.7
13.70,13.7
19.30,19.3
1521,15.21
1521,15.21
150x,15.21
1506,15.06
1506,15.06
150x,150.6
1504,150.4
1504,150.4
1504,15.04
1500,15.0
1500,15.0
1500,15.0
19.xx,15.0
14.94,14.94
14.94,14.94
14.80,14.8
14.80,14.8
14.80,14.8
14.0x,14.8
14.75,14.75
14.75,14.75
14.75,14.75
14.52,14.52
14.52,14.52
14.52,14.52
14.93,14.93
14.37,14.37
14.37,14.37
14.10,14.1
14.18,14.18
14.10,14.1
14.18,14.18
14.10,14.1
14.10,14.1
14.10,14.1
14.07,14.07
14.07,14.07
14.07,14.07
14.03,14.03
14.03,14.03
14.03,14.03
13.88,13.88
13.80,13.8
13.8x,13.8
13.80,13.8
13.92,13.92
13.92,13.92
13.92,13.92
13.97,13.97
13.97,13.97
13.97,13.97
14.03,14.03
14.03,14.03
14.03,14.03
14.16,14.16
14.16,14.16
14.16,14.16
14.16,14.16
14.32,14.32
14.32,14.32
14.92,14.92
14.42,14.42
14.42,14.42
14.42,14.42
14.53,14.53
14.53,14.53
14.53,14.53
14.60,14.6
14.60,14.6
14.60,14.6
14.60,14.6
14.60,14.6
14.60,14.6
14.80,14.8
14.75,14.75
14.75,14.75
14.75,14.75
14.80,14.8
14.80,14.8
14.00,14.0
14.77,14.77
14.77,14.77
14.77,14.77
14.09,14.09
14.85,14.85
14.85,14.85
14.85,14.85
14.89,14.89
14.89,14.89
14.09,14.09
14.93,14.93
14.93,14.93
14.93,14.93
14.95,14.95
14.95,14.95
14.95,14.95
14.99,14.99
14.99,14.99
14.99,14.99
14.99,14.99
14.95,14.95
14.95,14.95
14.95,14.95
14.95,14.95
14.95,14.95
14.95,14.95
14.92,14.92
14.92,14.92
14.92,14.92
14.93,14.93
14.91,14.91
14.91,14.91
14.80,14.8
14.86,14.86
14.86,14.86
14.80,14.8
14.81,14.81
14.81,14.81
14.81,14.81
14.67,14.67
14.67,14.67
14.67,14.67
14.6x,14.67
14.64,14.64
14.64,14.64
14.64,14.64
14.54,14.54
14.54,14.54
14.54,14.54
14.43,14.43
14.43,14.43
14.43,14.43
14.31,14.31
14.31,14.31
14.31,14.31
14.33,14.33
14.32,14.32
14.32,14.32
14.3x,14.32
14.16,14.16
14.16,14.16
14.00,14.0
14.07,14.07
14.07,14.07
14.07,14.07
14.09,14.09
14.09,14.09
14.09,14.09
14.09,14.09
14.13,14.13
14.13,14.13
14.19,14.19
14.14,14.14
14.14,14.14
14.14,14.14
14.26,14.26
14.26,14.26
14.26,14.26
14.20,14.2
14.2x,14.2
14.20,14.2
14.30,14.3
14.30,14.3
14.30,14.3
14.90,14.9
14.47,14.47
14.47,14.47
14.47,14.47
14.53,14.53
14.53,14.53
14.53,14.53
14.5x,14.53
14.56,14.56
14.56,14.56
14.66,14.66
14.66,14.66
14.66,14.66
14.60,14.6
14.60,14.6
14.60,14.6
14.60,14.6
14.59,14.59
14.59,14.59
14.59,14.59
14.63,14.63
14.63,14.63
14.63,14.63
14.83,14.83
14.81,14.81
14.81,14.81
14.81,14.81
14.80,14.8
14.80,14.8
14.80,14.8
14.89,14.89
14.89,14.89
14.89,14.89
14.89,14.89
14.87,14.87
14.87,14.87
14.80,14.8
14.88,14.88
14.80,14.8
14.80,14.8
14.71,14.71
14.71,14.71
14.71,14.71
14.69,14.69
14.69,14.69
14.69,14.69
14.00,14.0
14.70,14.7
14.70,14.7
14.76,14.76
14.76,14.76
14.76,14.76
14.76,14.76
14.73,14.73
14.73,14.73
14.73,14.73
14.64,14.64
14.64,14.64
14.64,14.64
14.57,14.57
14.57,14.57
14.57,14.57
14.54,14.54
14.54,14.54
14.54,14.54
14.40,14.4
14.4x,14.4
14.40,14.4
14.40,14.4
14.42,14.42
14.42,14.42
14.42,14.42
14.44,14.44
14.44,14.44
14.44,14.44
14.46,14.46
14.46,14.46
14.46,14.46
14.46,14.46
14.46,14.46
14.46,14.46
14.4x,14.46
14.44,14.44
14.44,14.44
14.44,14.44
14.46,14.46
14.46,14.46
14.46,14.46
14.4x,14.46
14.40,14.4
14.4x,14.4
14.4x,14.4
14.44,14.44
14.44,14.44
14.4x,14.44
14.42,14.42
14.42,14.42
14.42,14.42
14.30,14.3
14.3x,14.3
14.30,14.3
14.34,14.34
14.34,14.34
14.34,14.34
14.39,14.39
14.25,14.25
14.25,14.25
14.05,14.05
14.09,14.09
14.09,14.09
14.09,14.09
14.13,14.13
14.13,14.13
14.13,14.13
14.12,14.12
14.12,14.12
14.12,14.12
14.12,14.12
14.12,14.12
14.12,14.12
14.1x,14.12
14.15,14.15
14.15,14.15
14.15,14.15
14.30,14.3
14.30,14.3
14.30,14.3
14.27,14.27
14.27,14.27
14.27,14.27
14.29,14.29
14.25,14.25
14.25,14.25
14.29,14.29
14.23,14.23
14.23,14.23
14.28,14.28
14.26,14.26
14.26,14.26
14.26,14.26
14.20,14.2
14.20,14.2
14.20,14.2
14.30,14.3
14.15,14.15
14.15,14.15
14.00,14.0
14.00,14.0
14.00,14.0
14.00,14.0
14.02,14.02
14.02,14.02
14.02,14.02
19.0x,14.02
13.95,13.95
13.95,13.95
13.9x,13.95
13.98,13.98
13.90,13.9
19.00,19.0
14.00,14.0
14.00,14.0
14.00,14.0
14.19,14.19
14.19,14.19
14.19,14.19
14.39,14.39
14.21,14.21
14.21,14.21
14.29,14.29
14.29,14.29
14.29,14.29
14.39,14.39
14.34,14.34
14.34,14.34
14.34,14.34
14.30,14.3
14.30,14.3
14.30,14.3
14.30,14.3
14.29,14.29
14.29,14.29
14.29,14.29
14.21,14.21
14.21,14.21
14.21,14.21
14.06,14.06
14.06,14.06
14.06,14.06
14.17,14.17
14.17,14.17
14.17,14.17
14.30,14.3
14.30,14.3
14.30,14.3
14.59,14.59
14.53,14.53
14.53,14.53
14.53,14.53
14.75,14.75
14.75,14.75
14.75,14.75
1502,15.02
1502,15.02
1502,15.02
150x,15.02
1504,15.04
1504,15.04
1509,15.09
1503,15.03
1503,15.03
1503,15.03
14.97,14.97
14.97,14.97
14.97,14.97
14.87,14.87
14.87,14.87
14.87,14.87
14.79,14.79
14.79,14.79
14.79,14.79
14.70,14.7
14.70,14.7
14.70,14.7
14.70,14.7
14.50,14.5
14.50,14.5
14.50,14.5
14.47,14.47
14.47,14.47
14.47,14.47
14.45,14.45
14.45,14.45
14.45,14.45
14.41,14.41
14.41,14.41
14.41,14.41
14.41,14.41
14.41,14.41
14.41,14.41
14.41,14.41
14.54,14.54
14.54,14.54
14.54,14.54
14.54,14.54
14.54,14.54
14.54,14.54
14.54,14.54
14.54,14.54
14.54,14.54
14.50,14.5
14.50,14.5
14.50,14.5
14.90,14.9
14.45,14.45
14.45,14.45
14.45,14.45
14.44,14.44
14.44,14.44
14.44,14.44
14.43,14.43
14.43,14.43
14.43,14.43
14.93,14.93
14.37,14.37
14.37,14.37
14.97,14.97
14.51,14.51
14.51,14.51
14.59,14.59
14.59,14.59
14.59,14.59
14.59,14.59
14.60,14.6
14.60,14.6
14.60,14.6
14.80,14.8
14.70,14.7
14.70,14.7
14.9x,14.7
14.94,14.94
14.94,14.94
14.9x,14.94
14.96,14.96
14.96,14.96
14.96,14.96
1507,15.07
1507,15.07
1507,15.07
1507,15.07
1514,15.14
1514,151.4
153x,151.4
1520,152.0
1520,152.0
1520,152.0
1520,152.0
1520,152.0
1520,152.0
1520,152.0
1524,152.4
1524,152.4
1524,152.4
1524,152.4
1524,152.4
1528,152.8
1522,152.2
1522,152.2
1522,152.2
1517,151.7
1517,151.7
1517,151.7
1517,151.7
1511,151.1
1511,151.1
1513,151.3
1513,151.3
1513,151.3
150x,15.13
1506,15.06
1506,15.06
1506,15.06
1500,15.0
19.00,19.0
14.93,14.93
14.xx,14.93
14.80,14.8
14.88,14.88
14.80,14.8
14.81,14.81
14.81,14.81
14.03,14.03
14.72,14.72
14.72,14.72
14.72,14.72
14.69,14.69
14.69,14.69
14.69,14.69
14.60,14.6
14.60,14.6
14.60,14.6
14.60,14.6
14.61,14.61
14.61,14.61
14.61,14.61
14.65,14.65
14.65,14.65
14.65,14.65
14.00,14.0
14.70,14.7
14.70,14.7
14.80,14.8
14.69,14.69
14.69,14.69
14.09,14.09
14.74,14.74
14.74,14.74
14.74,14.74
14.67,14.67
14.67,14.67
14.67,14.67
14.67,14.67
14.61,14.61
14.61,14.61
14.63,14.63
14.53,14.53
14.53,14.53
14.52,14.52
14.52,14.52
14.52,14.52
14.52,14.52
14.55,14.55
14.55,14.55
14.55,14.55
14.55,14.55
14.55,14.55
14.55,14.55
14.69,14.69
14.67,14.67
14.67,14.67
14.0x,14.67
14.76,14.76
14.76,14.76
14.76,14.76
14.84,14.84
14.84,14.84
14.84,14.84
14.93,14.93
14.93,14.93
14.93,14.93
19.03,19.03
1501,15.01
1501,15.01
14.97,14.97
14.97,14.97
14.97,14.97
14.93,14.93
14.93,14.93
14.93,14.93
14.93,14.93
14.86,14.86
14.86,14.86
14.86,14.86
14.0x,14.86
14.79,14.79
14.79,14.79
14.77,14.77
14.77,14.77
14.77,14.77
14.75,14.75
14.75,14.75
14.75,14.75
14.75,14.75
14.56,14.56
14.56,14.56
14.56,14.56
14.50,14.5
14.50,14.5
14.50,14.5
14.37,14.37
14.37,14.37
14.37,14.37
14.37,14.37
14.30,14.3
14.30,14.3
14.30,14.3
14.20,14.2
14.20,14.2
14.20,14.2
14.29,14.29
14.29,14.29
14.29,14.29
14.21,14.21
14.21,14.21
14.21,14.21
14.21,14.21
14.13,14.13
14.13,14.13
14.1x,14.13
13.96,13.96
13.96,13.96
13.xx,13.96
13.81,13.81
13.81,13.81
13.81,13.81
13.67,13.67
13.67,13.67
13.67,13.67
13.63,13.63
13.53,13.53
13.53,13.53
13.53,13.53
13.32,13.32
13.32,13.32
13.32,13.32
13.27,13.27
13.27,13.27
13.27,13.27
13.29,13.29
13.15,13.15
13.15,13.15
13.05,13.05
13.03,13.03
13.03,13.03
13.0x,13.03
12.90,12.9
12.90,12.9
12.90,12.9
13.00,13.0
13.0x,13.0
