xx8x,21.57
2x57,21.57
2x57,21.57
2x57,21.57
2x57,21.5
21.57,21.57
21.57,21.57
21.57,21.57
21.5,21.5
21.5,21.5
21.5,21.5
21.5,21.5
21.5,21.5
21.5,21.5
21.5,21.5
2x5,21.5
2x5,21.5
21.5,21.5
2x5,21.5
2x5,21.5
21.5,21.5
2x5,21.5
21.5,21.5
21.5,21.5
2x5,21.5
21.5,21.5
21.5,21.5
21.5,21.5
21.5,21.5
2x5,21.5
2x5,21.5
2x5,21.5
21.5,21.5
2x5,21.5
21.5,21.5
2x5,21.5
21.5,21.5
2x57,21.5
21.57,21.57
21.57,21.57
21.57,21.57
2x57,21.57
2x57,21.57
21.57,21.57
2x57,21.57
21.57,21.57
2x57,21.57
2x5,21.57
21.5,21.5
2x5,21.5
21.5,21.5
2x5,21.5
21.5,21.5
2x5,21.5
2x5,21.5
2x5,21.5
21.5,21.5
21.5,21.5
21.5,21.5
2x5,21.5
2x5,21.5
21.5,21.5
2x5,21.5
21.5,21.5
2x5,21.5
21.5,21.5
2x5,21.5
21.5,21.5
215,215.0
21.5,21.5
216,216.0
21.6,21.6
21.6,21.6
21.6,21.6
21.6,21.6
21.6,21.6
21.6,21.6
21.6,21.6
21.6,21.6
21.6,21.6
21.6,21.6
21.6,21.6
21.6,21.6
21.6,21.6
21.6,21.6
21.6,21.6
21.6,21.6
21.,21.0
21.6,21.6
21.,21.0
21.6,21.6
21.,21.0
21.6,21.6
21.6,21.6
21.6,21.6
21.6,21.6
21.6,21.6
21.6,21.6
21.,21.0
21.75,21.75
2x75,21.75
2x75,21.75
2x7x,21.75
21.75,21.75
2x75,21.75
21.75,21.75
2x75,21.75
21.75,21.75
21.75,21.75
20,20.0
20,20.0
20,20.0
20,20.0
20,20.0
20,20.0
225,225.0
225,225.0
225,225.0
225,225.0
247,247.0
247,247.0
247,247.0
247,247.0
247,247.0
247,247.0
247,247.0
247,247.0
247,247.0
27,27.0
27,27.0
27,27.0
27,27.0
27,27.0
27,27.0
27,27.0
27,27.0
27,27.0
27,27.0
265,265.0
265,265.0
265,265.0
265,265.0
265,265.0
265,265.0
247,247.0
247,247.0
247,247.0
247,247.0
247,247.0
247,247.0
247,247.0
247,247.0
247,247.0
247,247.0
224,224.0
224,224.0
224,224.0
20,20.0
20,20.0
20,20.0
20,20.0
21.75,21.75
2x75,21.75
21.75,21.75
21.75,21.75
21.75,21.75
21.75,21.75
21.56,21.56
2x56,21.56
21.56,21.56
21.55,21.55
21.55,21.55
2x55,21.55
21.55,21.55
21.77,21.77
2x77,21.77
2x77,21.77
21.77,21.77
21.77,21.77
2x77,21.77
21.77,21.77
2x77,21.77
21.77,21.77
21.77,21.77
2177,21.77
21.77,21.77
2x77,21.77
2x7,21.77
21.7,21.7
2x7,21.7
2x7,21.7
2x7,21.7
2x7,21.7
2x7,21.7
21.7,21.7
2x7,21.7
21.7,21.7
2x7,21.7
2x7,21.7
21.7,21.7
2x77,21.7
2x77,21.7
21.77,21.77
2x77,21.77
2x77,21.77
21.77,21.77
2x76,21.77
21.76,21.76
2x76,21.76
21.54,21.54
2x54,21.54
21.54,21.54
21.54,21.54
21.54,21.54
2x54,21.54
21.54,21.54
2x54,21.54
2x54,21.54
21.54,21.54
2x54,21.54
21.54,21.54
21.54,21.54
21.54,21.54
21.54,21.54
21.54,21.54
21.54,21.54
21.54,21.54
21.54,21.54
21.54,21.54
21.54,21.54
2x5x,21.54
2x54,21.54
21.5x,21.54
21.54,21.54
2x5x,21.54
2x53,21.54
21.53,21.53
21.53,21.53
21.53,21.53
21.53,21.53
21.53,21.53
21.53,21.53
2x53,21.53
21.53,21.53
21.53,21.53
21.5,21.5
21.5,21.5
2x5,21.5
21.5,21.5
21.5,21.5
215,215.0
2x5,215.0
2153,21.53
2x53,21.53
2153,21.53
2x53,21.53
2x53,21.53
21.53,21.53
2x53,21.53
2x53,21.53
21.53,21.53
21.54,21.54
21.54,21.54
2154,21.54
2x54,21.54
2x54,21.54
21.54,21.54
2x54,21.54
21.54,21.54
2x54,21.54
2x54,21.54
2x55,21.54
2x55,21.54
21.55,21.55
2x55,21.55
21.55,21.55
2x55,21.55
21.55,21.55
2x55,21.55
21.55,21.55
2x55,21.55
2x55,21.55
21.55,21.55
21.55,21.55
21.55,21.55
21.55,21.55
21.55,21.55
21.55,21.55
2x55,21.55
2x55,21.55
21.55,21.55
2x55,21.55
2x55,21.55
2x55,21.55
21.55,21.55
21.55,21.55
21.55,21.55
2x55,21.55
21.55,21.55
21.55,21.55
21.55,21.55
21.55,21.55
2x55,21.55
21.55,21.55
2x55,21.55
21.55,21.55
2x55,21.55
21.55,21.55
2x55,21.55
21.55,21.55
21.55,21.55
21.55,21.55
2x55,21.55
21.55,21.55
2x55,21.55
2x55,21.55
21.55,21.55
2x55,21.55
21.55,21.55
2x55,21.55
2x55,21.55
21.55,21.55
21.55,21.55
21.33,21.33
21.33,21.33
21.33,21.33
21.33,21.33
21.33,21.33
2x33,21.33
21.33,21.33
2x33,21.33
2x33,21.33
21.33,21.33
21.33,21.33
21.33,21.33
21.33,21.33
21.33,21.33
21.33,21.33
21.33,21.33
21.33,21.33
21.33,21.33
21.33,21.33
2x33,21.33
21.33,21.33
21.33,21.33
2x33,21.33
21.33,21.33
21.33,21.33
2x33,21.33
21.33,21.33
2x33,21.33
21.33,21.33
2133,21.33
21.33,21.33
2x33,21.33
2x33,21.33
2x33,21.33
21.33,21.33
21.33,21.33
2x5x,21.33
21.5x,21.33
2156,21.56
21.5x,21.56
2156,21.56
2x5x,21.56
2156,21.56
21.56,21.56
2156,21.56
21.56,21.56
2x5x,21.56
2x5x,21.56
21.5x,21.56
2x5x,21.56
2x5x,21.56
2x56,21.56
21.5x,21.56
2x56,21.56
2x5x,21.56
2x56,21.56
21.56,21.56
2x56,21.56
2x33,21.56
21.33,21.33
2x33,21.33
2x33,21.33
2x34,21.33
2x34,21.33
21.34,21.34
21.34,21.34
2x34,21.34
21.34,21.34
2x34,21.34
21.34,21.34
2x34,21.34
2x34,21.34
21.33,21.33
21.33,21.33
2x33,21.33
2x33,21.33
21.33,21.33
2x33,21.33
2x33,21.33
2x33,21.33
2x33,21.33
2x33,21.33
21.33,21.33
2x33,21.33
2x33,21.33
2x33,21.33
21.33,21.33
21.33,21.33
21.33,21.33
21.33,21.33
21.33,21.33
21.33,21.33
21.33,21.33
2x33,21.33
2x33,21.33
21.33,21.33
21.33,21.33
21.33,21.33
21.33,21.33
21.33,21.33
21.33,21.33
21.33,21.33
21.33,21.33
21.33,21.33
2x33,21.33
2x33,21.33
21.33,21.33
2x33,21.33
2x33,21.33
21.33,21.33
21.33,21.33
21.33,21.33
21.33,21.33
2x33,21.33
21.33,21.33
21.33,21.33
21.33,21.33
21.33,21.33
2x33,21.33
2x33,21.33
21.33,21.33
2x33,21.33
21.33,21.33
21.33,21.33
2x33,21.33
2133,21.33
21.33,21.33
2133,21.33
21.33,21.33
2x33,21.33
21.33,21.33
2x33,21.33
2x33,21.33
2x3,21.33
21.3,21.3
21.3,21.3
21.3,21.3
21.3,21.3
2x3,21.3
2x3,21.3
2x33,21.3
21.33,21.33
2x33,21.33
21.33,21.33
2x33,21.33
21.33,21.33
2x33,21.33
21.33,21.33
2x33,21.33
21.33,21.33
21.33,21.33
21.33,21.33
2x33,21.33
2x33,21.33
21.33,21.33
21.37,21.37
2x33,21.37
21.37,21.37
21.33,21.33
21.33,21.33
21.33,21.33
21.33,21.33
213,213.0
2x3,213.0
21.3,21.3
2x3,21.3
21.3,21.3
2x3,21.3
21.3,21.3
2x3,21.3
21.3,21.3
2x3,21.3
2x3,21.3
2x3,21.3
2x3,21.3
2x3,21.3
21.3,21.3
2x3,21.3
2x3,21.3
21.25,21.25
21.25,21.25
21.25,21.25
21.25,21.25
21.25,21.25
2x25,21.25
21.25,21.25
2x2x,21.25
21.25,21.25
2x3,21.25
2x3,21.25
2x3,21.25
21.3,21.3
2x3,21.3
21.3,21.3
2x3,21.3
21.3,21.3
21.3,21.3
21.3,21.3
21.33,21.33
2x33,21.33
2x33,21.33
21.3,21.3
21.3,21.3
2x3,21.3
21.3,21.3
2x3,21.3
21.3,21.3
21.3,21.3
21.3,21.3
21.3,21.3
21.3,21.3
2x3,21.3
21.3,21.3
21.3,21.3
2x3,21.3
21.3,21.3
21.3,21.3
21.3,21.3
2x3,21.3
21.3,21.3
21.3,21.3
21.3,21.3
21.3,21.3
2x3,21.3
2x3,21.3
2x3,21.3
2x3,21.3
21.3,21.3
2x3,21.3
2x3,21.3
213,213.0
2x3,213.0
2x3,213.0
2x3,213.0
2x3,213.0
21.3,21.3
2x3,21.3
2x3,21.3
2x3,21.3
2x3,21.3
21.3,21.3
21.3,21.3
2x3,21.3
2x3,21.3
2x33,21.3
2x33,21.3
21.3x,21.3
2x33,21.3
21.3x,21.3
2x3,21.3
21.3,21.3
21.3,21.3
21.3,21.3
2x3,21.3
21.3,21.3
21.3,21.3
2x3,21.3
21.3,21.3
2x3,21.3
21.3,21.3
2x53,21.3
2x53,21.3
2x53,21.3
21.54,21.54
2x54,21.54
21.54,21.54
2x54,21.54
21.54,21.54
2x54,21.54
2x7,21.54
21.76,21.76
2x7x,21.76
2x7x,21.76
21.55,21.55
2x55,21.55
2x55,21.55
22,22.0
22,22.0
22,22.0
22,22.0
22,22.0
22,22.0
245,245.0
244,244.0
244,244.0
244,244.0
244,244.0
244,244.0
244,244.0
244,244.0
244,244.0
244,244.0
244,244.0
244,244.0
244,244.0
223,223.0
223,223.0
223,223.0
223,223.0
223,223.0
223,223.0
223,223.0
223,223.0
223,223.0
223,223.0
223,223.0
223,223.0
223,223.0
2x5,223.0
2x5,223.0
21.5,21.5
2x5,21.5
2x76,21.5
2x76,21.5
2x7x,21.5
2x75,21.5
21.75,21.75
2x75,21.75
2x5,21.75
2x5,21.75
2x5,21.75
2x3,21.75
21.3,21.3
2x3,21.3
21.3,21.3
2x3,21.3
21.3,21.3
2x3,21.3
2x3,21.3
21.3,21.3
2x3,21.3
2x3,21.3
2x3,21.3
2x3,21.3
2x3,21.3
21.3,21.3
2x3,21.3
21.3,21.3
2x53,21.3
21.53,21.53
2x53,21.53
2x53,21.53
21.53,21.53
2x53,21.53
21.53,21.53
2x53,21.53
2x53,21.53
2x53,21.53
21.53,21.53
2x53,21.53
2153,21.53
2x5,21.53
215,215.0
2x5,215.0
215,215.0
21.5,21.5
2x5,21.5
2x5,21.5
2x5,21.5
2x5,21.5
2x5,21.5
2x5,21.5
2x5,21.5
2x5,21.5
2x53,21.5
2x53,21.5
2x53,21.5
2x53,21.5
2x53,21.5
2x53,21.5
2x53,21.5
2x53,21.5
2x53,21.5
2x53,21.5
2x53,21.5
2x53,21.5
21.53,21.53
2x53,21.53
2x53,21.53
2x53,21.53
2x53,21.53
2x53,21.53
2x5,21.53
21.3,21.3
2x3,21.3
21.3,21.3
2x3,21.3
2x3,21.3
2x3,21.3
2x3,21.3
2x3,21.3
2x3,21.3
2x3,21.3
2x3,21.3
2x3,21.3
2x3,21.3
21.3,21.3
21.3,21.3
21.3,21.3
2x3,21.3
2x3,21.3
2x3,21.3
2x3,21.3
2x3,21.3
21.3,21.3
21.25,21.25
21.25,21.25
21.25,21.25
21.25,21.25
21.25,21.25
21.25,21.25
21.25,21.25
21.25,21.25
21.25,21.25
21.25,21.25
2x25,21.25
21.25,21.25
21.25,21.25
21.25,21.25
21.25,21.25
21.25,21.25
21.25,21.25
21.25,21.25
21.25,21.25
2125,21.25
21.25,21.25
21.25,21.25
21.25,21.25
2x2,21.25
21.2,21.2
21.2,21.2
21.2,21.2
21.2,21.2
21.2,21.2
21.27,21.27
21.27,21.27
21.27,21.27
2x27,21.27
21.27,21.27
21.27,21.27
21.27,21.27
2x27,21.27
21.27,21.27
21.27,21.27
21.27,21.27
21.27,21.27
2x27,21.27
21.27,21.27
21.27,21.27
21.27,21.27
21.27,21.27
21.27,21.27
21.27,21.27
21.27,21.27
21.27,21.27
21.27,21.27
2x27,21.27
21.2,21.2
21.2,21.2
21.2,21.2
21.25,21.25
21.25,21.25
21.25,21.25
21.25,21.25
21.25,21.25
21.25,21.25
21.25,21.25
2x3,21.25
21.3,21.3
21.3,21.3
213,213.0
21.3,21.3
21.3,21.3
2x3,21.3
2x3,21.3
21.3,21.3
2x3,21.3
2x3,21.3
21.3,21.3
21.3,21.3
21.25,21.25
21.25,21.25
21.25,21.25
2x25,21.25
21.25,21.25
21.25,21.25
21.3,21.3
2x3,21.3
2x3,21.3
21.3,21.3
21.25,21.25
21.25,21.25
21.25,21.25
21.25,21.25
21.25,21.25
21.25,21.25
2x3,21.25
21.3,21.3
2x3,21.3
2x3,21.3
2x3,21.3
21.3,21.3
2x3,21.3
21.3,21.3
2x3,21.3
21.3,21.3
21.3,21.3
21.3,21.3
2x3,21.3
21.3,21.3
2x3,21.3
21.3,21.3
21.3,21.3
2x3,21.3
21.3,21.3
2x3,21.3
2x3,21.3
21.3,21.3
21.3,21.3
2x3,21.3
21.3,21.3
2x3,21.3
21.3,21.3
21.3,21.3
21.3,21.3
2x3,21.3
2x3,21.3
2x3,21.3
2x3,21.3
21.3,21.3
2x3,21.3
21.3,21.3
2x3,21.3
213,213.0
21.3,21.3
213,213.0
21.3,21.3
2x3,21.3
21.3,21.3
2x3,21.3
21.3,21.3
2x3,21.3
2x3,21.3
21.3,21.3
21.3,21.3
21.3,21.3
2x3,21.3
2x3,21.3
2x3,21.3
21.3,21.3
2x3,21.3
21.3,21.3
2x3,21.3
21.3,21.3
21.3,21.3
2x3,21.3
21.3,21.3
21.3,21.3
21.3,21.3
21.3,21.3
21.3,21.3
21.3,21.3
21.3,21.3
21.3,21.3
21.3,21.3
2x3,21.3
21.3,21.3
2x3,21.3
21.3,21.3
2x3,21.3
21.3,21.3
21.3,21.3
21.3,21.3
21.3,21.3
21.3,21.3
21.3,21.3
21.3,21.3
