5x55,41.05
41.05,41.05
4x05,41.05
41.05,41.05
41.05,41.05
41.05,41.05
41.04,41.04
4x04,41.04
4x04,41.04
41.04,41.04
41.04,41.04
4104,41.04
41.05,41.05
41x5,41.05
41.05,41.05
41x5,41.05
41.05,41.05
41.05,41.05
41.05,41.05
41.05,41.05
41.05,41.05
41.05,41.05
41.05,41.05
41.05,41.05
4x05,41.05
41.04,41.04
4x04,41.04
41.04,41.04
41.04,41.04
41.04,41.04
41.0x,41.04
41.04,41.04
41.0x,41.04
41.04,41.04
41.0x,41.04
41.04,41.04
41.04,41.04
41.04,41.04
41.03,41.03
41.03,41.03
41.03,41.03
41.03,41.03
41.03,41.03
41.03,41.03
41.03,41.03
41.0x,41.03
41.04,41.04
41.0x,41.04
41.04,41.04
41.04,41.04
41.04,41.04
41.04,41.04
41.04,41.04
41.04,41.04
41.05,41.05
41.05,41.05
41.05,41.05
41.05,41.05
41.05,41.05
41.05,41.05
41.05,41.05
41.05,41.05
41.05,41.05
41.05,41.05
41.04,41.04
41.04,41.04
41.04,41.04
41.04,41.04
41.04,41.04
41.0x,41.04
41.04,41.04
41.0x,41.04
41.04,41.04
41.0x,41.04
41.04,41.04
41.04,41.04
41.04,41.04
41.04,41.04
41.04,41.04
41.04,41.04
41.05,41.05
41.05,41.05
41.05,41.05
41.05,41.05
41.05,41.05
41.05,41.05
41.5,41.5
41.05,41.05
41.05,41.05
41.05,41.05
41.05,41.05
41.05,41.05
41.05,41.05
41.04,41.04
41.04,41.04
41.04,41.04
41.04,41.04
41.x,41.04
41.04,41.04
41.x,41.04
41.04,41.04
41.x,41.04
41.04,41.04
41.04,41.04
41.04,41.04
41.04,41.04
41.04,41.04
41.04,41.04
41.04,41.04
41.04,41.04
41.x,41.04
41.04,41.04
41.x,41.04
41.04,41.04
41.x,41.04
41.04,41.04
41.3,41.3
41.03,41.03
41.03,41.03
41.03,41.03
41.03,41.03
41.03,41.03
41.03,41.03
41.03,41.03
41.03,41.03
41.3,41.3
41.03,41.03
41.3,41.3
41.03,41.03
4,4.0
46,46.0
46,46.0
46,46.0
46,46.0
46,46.0
46,46.0
46,46.0
46,46.0
4,4.0
463,46.3
43,43.0
463,46.3
4x3,46.3
463,46.3
463,46.3
41.05,41.05
41.05,41.05
41.05,41.05
41.05,41.05
41.05,41.05
41.05,41.05
4x05,41.05
41.05,41.05
4x05,41.05
41.05,41.05
4x06,41.05
41.0x,41.05
4x06,41.05
41.0x,41.05
41.0x,41.05
41.0x,41.05
41.0x,41.05
41.0x,41.05
41.0x,41.05
4x06,41.05
41.0x,41.05
41x6,41.05
41.0x,41.05
41x6,41.05
41.0x,41.05
41x6,41.05
46,46.0
46,46.0
46,46.0
463,46.3
463,46.3
467,46.7
46,46.0
46,46.0
46,46.0
4x,46.0
475,47.5
475,47.5
475,47.5
47,47.0
47,47.0
47,47.0
477,47.7
477,47.7
477,47.7
477,47.7
477,47.7
477,47.7
477,47.7
47x,47.7
47x,47.7
47x,47.7
47x,47.7
476,47.6
47x,47.6
475,47.5
475,47.5
475,47.5
475,47.5
475,47.5
475,47.5
475,47.5
474,47.4
474,47.4
474,47.4
474,47.4
474,47.4
474,47.4
474,47.4
474,47.4
474,47.4
474,47.4
474,47.4
474,47.4
474,47.4
474,47.4
474,47.4
474,47.4
475,47.5
475,47.5
475,47.5
475,47.5
475,47.5
475,47.5
475,47.5
475,47.5
475,47.5
475,47.5
474,47.4
474,47.4
474,47.4
474,47.4
4x74,47.4
474,47.4
474,47.4
474,47.4
474,47.4
473,47.3
473,47.3
473,47.3
473,47.3
474,47.4
474,47.4
474,47.4
473,47.3
473,47.3
473,47.3
474,47.4
474,47.4
474,47.4
474,47.4
474,47.4
474,47.4
474,47.4
474,47.4
474,47.4
474,47.4
473,47.3
473,47.3
473,47.3
473,47.3
473,47.3
473,47.3
473,47.3
473,47.3
473,47.3
473,47.3
473,47.3
473,47.3
473,47.3
474,47.4
474,47.4
474,47.4
475,47.5
475,47.5
475,47.5
47x,47.5
47,47.0
47x,47.0
47,47.0
477,47.7
477,47.7
477,47.7
477,47.7
477,47.7
477,47.7
477,47.7
477,47.7
477,47.7
477,47.7
477,47.7
477,47.7
477,47.7
47x,47.7
47x,47.7
47x,47.7
47,47.0
47x,47.0
47x,47.0
476,47.6
47x,47.6
476,47.6
477,47.7
477,47.7
477,47.7
477,47.7
477,47.7
477,47.7
477,47.7
477,47.7
477,47.7
477,47.7
477,47.7
477,47.7
477,47.7
477,47.7
477,47.7
477,47.7
477,47.7
47x,47.7
47x,47.7
47x,47.7
47x,47.7
47x,47.7
47x,47.7
475,47.5
475,47.5
475,47.5
475,47.5
475,47.5
475,47.5
475,47.5
475,47.5
475,47.5
475,47.5
475,47.5
475,47.5
475,47.5
476,47.6
47x,47.6
476,47.6
477,47.7
477,47.7
477,47.7
477,47.7
477,47.7
477,47.7
477,47.7
477,47.7
477,47.7
477,47.7
47,47.0
47,47.0
47,47.0
47,47.0
47,47.0
47,47.0
47,47.0
475,47.5
475,47.5
475,47.5
475,47.5
475,47.5
475,47.5
475,47.5
475,47.5
475,47.5
46,46.0
46,46.0
46,46.0
475,47.5
475,47.5
475,47.5
475,47.5
475,47.5
475,47.5
475,47.5
475,47.5
475,47.5
475,47.5
475,47.5
475,47.5
475,47.5
475,47.5
475,47.5
475,47.5
475,47.5
475,47.5
475,47.5
475,47.5
47,47.0
47,47.0
47,47.0
477,47.7
477,47.7
477,47.7
477,47.7
477,47.7
477,47.7
477,47.7
476,47.6
47x,47.6
47x,47.6
47x,47.6
47x,47.6
47x,47.6
477,47.7
477,47.7
477,47.7
477,47.7
477,47.7
477,47.7
477,47.7
477,47.7
477,47.7
477,47.7
477,47.7
477,47.7
477,47.7
477,47.7
477,47.7
477,47.7
47x,47.7
47x,47.7
47x,47.7
47x,47.7
47x,47.7
47x,47.7
47x,47.7
47x,47.7
47x,47.7
47x,47.7
47x,47.7
47x,47.7
47x,47.7
47x,47.7
47x,47.7
47x,47.7
47x,47.7
476,47.6
47x,47.6
476,47.6
47x,47.6
476,47.6
47x,47.6
47x,47.6
47x,47.6
47x,47.6
47x,47.6
47x,47.6
47x,47.6
47x,47.6
475,47.5
475,47.5
475,47.5
475,47.5
475,47.5
475,47.5
474,47.4
474,47.4
474,47.4
474,47.4
474,47.4
474,47.4
474,47.4
4074,40.739998
474,47.4
4x74,47.4
474,47.4
4x74,47.4
474,47.4
474,47.4
474,47.4
474,47.4
475,47.5
475,47.5
475,47.5
475,47.5
476,47.6
47x,47.6
476,47.6
47x,47.6
476,47.6
47x,47.6
475,47.5
475,47.5
475,47.5
475,47.5
475,47.5
475,47.5
475,47.5
475,47.5
475,47.5
475,47.5
475,47.5
475,47.5
475,47.5
475,47.5
475,47.5
475,47.5
475,47.5
475,47.5
475,47.5
475,47.5
475,47.5
475,47.5
475,47.5
475,47.5
475,47.5
475,47.5
475,47.5
475,47.5
475,47.5
475,47.5
475,47.5
475,47.5
475,47.5
475,47.5
475,47.5
475,47.5
475,47.5
475,47.5
475,47.5
47x,47.5
47x,47.5
47x,47.5
475,47.5
475,47.5
475,47.5
475,47.5
475,47.5
475,47.5
475,47.5
47x,47.5
47x,47.5
47x,47.5
47x,47.5
47x,47.5
47x,47.5
47x,47.5
47x,47.5
47x,47.5
477,47.7
477,47.7
477,47.7
477,47.7
477,47.7
477,47.7
477,47.7
47,47.0
47,47.0
47,47.0
47,47.0
47,47.0
47,47.0
47,47.0
47,47.0
47,47.0
47,47.0
47,47.0
47,47.0
47,47.0
47,47.0
47,47.0
47,47.0
47,47.0
47,47.0
47,47.0
47,47.0
47,47.0
47,47.0
47,47.0
47,47.0
47,47.0
47,47.0
47,47.0
47,47.0
47,47.0
47,47.0
47,47.0
47,47.0
47,47.0
47,47.0
47,47.0
477,47.7
477,47.7
477,47.7
477,47.7
477,47.7
477,47.7
477,47.7
477,47.7
477,47.7
477,47.7
47x,47.7
47x,47.7
476,47.6
477,47.7
4x77,47.7
477,47.7
477,47.7
477,47.7
4x77,47.7
477,47.7
477,47.7
477,47.7
477,47.7
4x7,47.7
47,47.0
47,47.0
47,47.0
47,47.0
47,47.0
47,47.0
475,47.5
475,47.5
475,47.5
475,47.5
475,47.5
475,47.5
475,47.5
475,47.5
475,47.5
475,47.5
475,47.5
475,47.5
475,47.5
475,47.5
475,47.5
475,47.5
475,47.5
475,47.5
475,47.5
475,47.5
475,47.5
475,47.5
47x,47.5
475,47.5
475,47.5
475,47.5
475,47.5
475,47.5
475,47.5
4075,40.75
475,47.5
475,47.5
475,47.5
475,47.5
475,47.5
475,47.5
475,47.5
475,47.5
475,47.5
475,47.5
475,47.5
475,47.5
475,47.5
475,47.5
475,47.5
47,47.0
47,47.0
47,47.0
47,47.0
47,47.0
47,47.0
475,47.5
475,47.5
475,47.5
47x,47.5
475,47.5
4x75,47.5
475,47.5
475,47.5
475,47.5
475,47.5
46,46.0
46,46.0
46,46.0
46,46.0
46,46.0
46,46.0
463,46.3
463,46.3
46x,46.3
46x,46.3
4x3,46.3
463,46.3
4x3,46.3
463,46.3
43,43.0
463,46.3
463,46.3
4x3,46.3
463,46.3
46,46.0
46,46.0
46x,46.0
46,46.0
46,46.0
46,46.0
46,46.0
46,46.0
46,46.0
46,46.0
46,46.0
46,46.0
4x,46.0
46,46.0
4,4.0
46,46.0
4,4.0
46,46.0
4,4.0
46,46.0
46,46.0
46,46.0
46,46.0
46,46.0
46,46.0
46,46.0
46,46.0
46,46.0
46,46.0
463,46.3
463,46.3
47,47.0
463,46.3
4,4.0
46,46.0
4,4.0
46,46.0
4x,46.0
46,46.0
475,47.5
475,47.5
475,47.5
475,47.5
475,47.5
475,47.5
475,47.5
475,47.5
475,47.5
475,47.5
475,47.5
475,47.5
475,47.5
4,4.0
46,46.0
46,46.0
46,46.0
46,46.0
46,46.0
46,46.0
46,46.0
46,46.0
46,46.0
463,46.3
463,46.3
46x,46.3
463,46.3
463,46.3
463,46.3
463,46.3
43,43.0
46x,43.0
4x3,43.0
46,46.0
40x,46.0
46,46.0
46,46.0
46,46.0
46,46.0
46,46.0
4x,46.0
46,46.0
475,47.5
475,47.5
475,47.5
475,47.5
475,47.5
475,47.5
475,47.5
4x75,47.5
475,47.5
475,47.5
475,47.5
475,47.5
475,47.5
46,46.0
46,46.0
46,46.0
46,46.0
475,47.5
475,47.5
475,47.5
47,47.0
47,47.0
47,47.0
47,47.0
47,47.0
47,47.0
47,47.0
47,47.0
47,47.0
47,47.0
47,47.0
47,47.0
47,47.0
475,47.5
475,47.5
475,47.5
4,4.0
4x,4.0
40x,4.0
46,46.0
46,46.0
46,46.0
46,46.0
46,46.0
4x,46.0
46,46.0
46,46.0
46,46.0
46,46.0
4x,46.0
4x,46.0
46,46.0
4x,46.0
46,46.0
46,46.0
46,46.0
46,46.0
46,46.0
46,46.0
4,4.0
46,46.0
4,4.0
475,47.5
4075,40.75
475,47.5
475,47.5
475,47.5
475,47.5
475,47.5
475,47.5
475,47.5
475,47.5
475,47.5
475,47.5
475,47.5
46,46.0
46,46.0
46,46.0
40x,46.0
46,46.0
46,46.0
46,46.0
46,46.0
46,46.0
46,46.0
46,46.0
4,4.0
46,46.0
47x,46.0
475,47.5
4x75,47.5
475,47.5
475,47.5
475,47.5
475,47.5
47,47.0
47,47.0
47,47.0
47,47.0
47,47.0
47,47.0
475,47.5
475,47.5
475,47.5
475,47.5
475,47.5
475,47.5
475,47.5
475,47.5
475,47.5
475,47.5
475,47.5
475,47.5
475,47.5
475,47.5
47x,47.5
475,47.5
475,47.5
475,47.5
475,47.5
